date,headline
2026-04-01,"Bitcoin's crashes are shrinking, and Wall Street is starting to notice"
2026-04-01,"Bitcoin's (BTC) parabolic era may be over as old peaks are tested"
2026-04-01,"Current price of Bitcoin for April 1, 2026"
2026-04-01,"Bitcoin Price Prediction as Miners Spend $80,000 to Produce One Bitcoin"
2026-04-01,"Bitcoin snaps five-month losing streak"
2026-04-02,"Bitcoin Liquidations Dethroned? A Tokenized Bet Just Posted Crypto's Biggest Loss"
2026-04-01,"Beware A Possible Bitcoin Bull Trap (Cryptocurrency:BTC-USD)"
2026-04-02,"Trump's 'Stone Age' Rhetoric Triggers $440M Crypto Wipeout as Bitcoin Slips Below $66,000"
2026-03-31,"Bitcoin enters 'buy zone' - But THIS ratio flashes BTC warning signs"
2026-03-31,"Elon Musk talks Bitcoin (BTC USD) again - is a new crypto rally on the horizon?"
2026-03-31,"Bitcoin Rises With Risk Assets on Trump Iran War Report"
2026-04-02,"Bitcoin, XRP, Dogecoin Slide, Ethereum Flat As Trump Signals Iran War To Go On Until Objectives Met"
2026-04-02,"Bitcoin, crypto stocks slipping lower alongside broader market"
2026-04-02,"Crypto Market Update: BTC Dips 3%, Altcoins Follow as Geopolitical Tensions Escalate"
2026-04-01,"Bitcoin Price Holds at $68K Despite Broader Market Turmoil"
2026-04-02,"Whale Buys BTC Puts as $2B Options Expire April 3"
2026-04-01,"Most Popular Crypto in Vietnam 2026: Best Platforms to Buy Bitcoin"
2026-04-02,"Circle Announces New 'Wrapped Bitcoin' Product"
2026-04-03,"Bitcoin To $10,000 Theory Reignites as Analysts Debate Trump Speech Impact"
2026-04-02,"Metaplanet Adds 5,075 BTC in Q1, Becomes Third Largest Bitcoin Treasury"
2026-04-03,"Will Crypto Markets React to $1.8B Bitcoin Options Expiring Today?"
2026-03-31,"Bitcoin (BTC) price: Selloff likely as demand falters and real interest rates surge"
2026-04-02,"USDC Stablecoin Issuer Circle Unveils New Token to Give Bitcoin More Utility"
2026-04-02,"Crypto market structure bill release pushed back as industries view revised stablecoin yield compromise this week"
2026-04-03,"BTC to EUR: Bitcoin Price in Euro"
2026-04-02,"Bitcoin treasury sell-off accelerates as Riot, Bhutan, and public companies exit positions"
2026-04-02,"Businesses Shed Bitcoin Treasuries Amid Market Downturn"
2026-03-31,"BTC, ETH, and DOGE Face Consolidation - Key Levels to Watch"
2026-04-01,"What Next for the Price of Bitcoin?"
2026-04-01,"BTC Dominance Hits Multi-Year High Amid Altcoin Weakness"
2026-04-02,"Crypto news today: bitcoin whipsaws on Trump's Iran rhetoric"
2026-03-28,"Why Is Crypto Crashing? Bitcoin, XRP, Ethereum, and Solana All Down This Week"
2026-04-02,"As digital asset treasuries face acute stress, this Bitcoin firm continues to buy"
2026-04-02,"Bitcoin Plunges 3% After Trump Signals More Iran Strikes"
2026-04-02,"Crypto Weakens Under Pressure as Drift's Exploit, Russia's Mining Crackdown, and Iran Tensions Drive Risk Aversion"
2026-04-02,"Circle Annonces Impending Launch of Wrapped Bitcoin Product, cirBTC"
2026-03-31,"Crypto OG Wang Chun's Costly Bet: 2,900 BTC Apartment Now Sells for 7 Bitcoin"
2026-04-02,"USD debasement risk - Will Taiwan adopt a Bitcoin reserve now?"
2026-04-02,"$349M liquidations in 24 hours: Is the crypto market in panic mode?"
2026-04-02,"Metaplanet Buys 5,075 Bitcoin in Q1 2026, Total Holdings Hit 40,177 BTC"
2026-04-01,"Some quantum-resistant tokens jump 50% as Google flags risks to Bitcoin security"
2026-04-02,"Bitcoin Is Falling. Why Strategy and XXI Are Getting Hit Harder"
2026-04-03,"Crypto Price Today: Macro worries, geopolitical risks weigh on Bitcoin"
2026-04-02,"Why Bitcoin's supply imbalance is hinting at more downside before recovery"
2026-04-02,"Moody's prices Bitcoin at a 28% haircut - and sets the trigger for forced selling"
2026-04-03,"Crypto market recap: Bitcoin slips to $66,600 as market fear deepens"
2026-04-02,"Bitcoin Net Realized Losses Worsen 60% Weekly to -$410M"
2026-04-02,"How Metaplanet Quietly Became the World's No. 3 Public Bitcoin Holder"
2026-04-01,"Bitcoin Spot ETFs Log $1B Weekly Inflow Streak Amid Market Optimism"
2026-04-01,"Crypto Prices Hold: Why Technical Indicators Are Getting Stronger"
2026-04-01,"Strategy nears 2,000 Bitcoin via STRC - What 80% retail ownership means"
2026-04-02,"USDC Stablecoin Issuer Circle Unveils New Token to Give Bitcoin More Utility"
2026-04-03,"What Circle's cirBTC Wrapped Bitcoin Means for Coinbase cbBTC"
2026-04-02,"Naoris Launches Post-Quantum Blockchain as Bitcoin, Ethereum Devs Scramble to Face Threat"
2026-04-01,"Bitcoin's $68k Bounce and the S&P Tokenization Shift: A Maturing Crypto Market"
2026-04-03,"Crypto Price Today: Macro worries, geopolitical risks weigh on Bitcoin, altcoins as Good Friday trade remains"
2026-04-02,"Why Bitcoin's supply imbalance is hinting at more downside before recovery"
2026-04-02,"Moody's prices Bitcoin at a 28% haircut and sets the trigger for forced selling"
2026-03-31,"Bitcoin & Crypto - European Wrap 31 March"
2026-04-02,"Bitcoin, Gold, and U.S. Stocks Dive as Trump Pledges to Hit Iran Extremely Hard"
2026-04-02,"Hyperliquid Strategies CEO bets on HYPE to outperform Bitcoin, Ethereum in Q2"
2026-04-01,"Crypto: Fear lingers, but the market holds"
2026-04-02,"SoFi Technologies Launches First National Bank Enterprise Crypto and Stablecoin Platform"
2026-04-01,"Crypto Today: Bitcoin, Ethereum, XRP edge higher as ETF inflows rise"
2026-04-01,"SEC Clarifies the Application of the Securities Laws to Cryptoassets"
2026-03-31,"Bitcoin Price Could Miss ATH Until 2027, Says Peter Brandt"
2026-02-12,"Can Crypto World Break Free From Bitcoin's Undertow?"
2026-02-05,"Bitcoin drops 15%, briefly breaking below $61,000 as sell-off intensifies"
2026-02-24,"Bitcoin Heads for Worst Month Since Crypto Collapse of June 2022"
2026-03-03,"Bitcoin blockchain size 2009-2025"
2026-03-04,"Crypto stocks news: COIN, MSTR lead gains as bitcoin (BTC) climbs above $70,000"
2026-02-02,"How to Buy Bitcoin (BTC): Quick-Start Guide"
2026-03-13,"Are we witnessing the Crypto dawn? - Bitcoin (BTC) & Ethereum (ETH) Outlook"
2026-02-02,"Bitcoin bloodbath: Selloff sparks fears of new crypto winter after weekend crash hits BTC, XRP, ETH"
2026-02-06,"Bitcoin price plunges below $70,000 in worst week since 2022 as Trump rally fades"
2026-02-11,"Bitcoin's Plunge Isn't Even Close To Over (Cryptocurrency:BTC-USD)"
2026-02-01,"Bitcoin's (BTC) difficult week and worse weekend: Here's what happened and what comes next"
2026-02-12,"Bitcoin (BTC) Under Pressure in Asia as Weekend Selloff Deepens"
2026-02-05,"The crypto crash: Here's what's driving the bitcoin sell-off"
2026-02-03,"This Overlooked Crypto Indicator Is Now Signaling Bitcoin's Next Major Price Move"
2026-02-01,"Week in Review: Crypto rout deepens as bitcoin plunges past key support levels"
2026-02-12,"Bitcoin, Ether prices today: Crypto market stabilizes after weekend selloff"
2026-02-26,"Bitcoin rebounds as Russia's air defenses buffer - BTC, ETH and SOL Outlook"
2026-02-07,"S Korean crypto firm accidentally pays out $40bn in bitcoin"
2026-03-03,"Bitcoin price news: BTC rises to $68,000 as traditional markets tumble"
2026-03-16,"Bitcoin price news: BTC rises 4%, nearing $75,000 level for first time in six weeks"
2026-02-04,"Bitcoin-Led Crypto Rout Erases Nearly $500 Billion in a Week"
2026-03-26,"Too soon for a Crypto bounce - Bitcoin (BTC) & Ethereum (ETH) Outlook"
2026-02-02,"Bitcoin Falls Into Extreme Fear: How Low Will It Go?"
2026-02-15,"Wall Street remains bullish on bitcoin (BTC) price while offshore traders retreat"
2026-02-02,"Bitcoin is coming off a brutal week. Here's what's happening"
2026-02-23,"Bitcoin Falls Below $65,000 in Latest Bout of Tariff Uncertainty"
2026-02-05,"Why Crypto Is Going Down? XRP Price, Bitcoin, Ethereum and Dogecoin Moves Today to 2026 Lows"
2026-03-03,"Most expensive cryptocurrency 2025"
2026-02-23,"Bitcoin (BTC) dips under $63,000 and history says more pain ahead before bottom"
2026-02-01,"Crypto carnage: Bitcoin, Ether plunge as weekend selloff worsens"
2026-02-27,"Bitcoin Price Could Resume Rally Thanks to Federal Reserve's QT Decision"
2026-03-03,"Bitcoin Price Could Fall by 50% Drop to $50K"
2026-02-04,"Bitcoin nears pre-election floor as ETF flows stall, Citi says"
2026-02-27,"How Many Bitcoins Are There? Total Supply and Lost Coins Explained"
2026-02-06,"Strategy's safe unless BTC falls to $8K, Charles Hoskinson's down over $3B in crypto"
2026-02-12,"Binance completes $1 billion shift of stablecoin reserves into bitcoin (BTC)"
2026-03-30,"Bitcoin (BTC) hashrate falls as miners shift capital to AI infrastructure"
2026-03-01,"Institutional crypto interest rebounds even as Bitcoin (BTC) falls 25%"
2026-03-27,"The End Of Bitcoin Will Be Its New Beginning (Cryptocurrency: BTC-USD)"
2026-03-03,"Bitcoin Slides as Risk of Prolonged Iran War Weighs on Crypto"
2026-02-06,"Down Almost 50% From Its All-Time High, Is Bitcoin Still a Buy?"
2026-02-09,"Binance Adds $300M in Bitcoin to SAFU Fund as Crypto Safety Reserves Shift"
2026-02-05,"JPMorgan says bitcoin's lower volatility relative to gold might make it safer"
2026-02-07,"Bitcoin (BTC) Today: Price recovery stalls at $72,000 amid Iran escalation fears"
2026-02-19,"Not just crypto: Stock investors are acting a lot like Bitcoin traders"
2026-02-12,"Peter Brandt warns bitcoin price could be heading for an extended bear market"
2026-02-13,"Bitcoin (BTC) On-Chain Analysis Shows Drop to $57,000 Possible"
2026-02-04,"Bitcoin price could drop below $50K if macroeconomic conditions do not improve"
2026-02-01,"Crypto market sheds $500B, Bitcoin slides to lowest level since November election"
2026-03-20,"Bitcoin tokenized stocks are doing better than BTC: Crypto Daybook Americas"
2026-03-01,"Bitcoin Stages Tepid Recovery as Iran Strikes Stir Uncertainty"
2026-02-26,"Indiana prepares to put bitcoin in its public retirement plans"
2026-02-25,"Bitcoin Jumps Above $66,000 Ahead of Trump's Address to Congress"
2026-02-20,"Bitcoin (BTC) analysis: CME's 24/7 move means less weekend price dump, experts say"
2026-02-25,"XRP price news: Ripple-linked token zooms 6% as bitcoin (BTC) nears $67,000"
2026-02-19,"Bitcoin (BTC) news: Fed's Kashkari says crypto is utterly useless"
2026-02-18,"$695K bitcoin? $21K ether? Here's where 21 experts think crypto is headed next"
2026-02-06,"Bithumb mistake sent BTC price to $55,000 on that exchange"
2026-02-03,"Bitcoin Drops to Lowest Price Since Trump's Election Victory"
2026-02-03,"Crypto bear market is nearing end, with $60K as key bitcoin (BTC) floor"
2026-02-12,"StanChart Slashes Bitcoin 2026 Target by 33%, Warns of More Pain"
2026-02-24,"Why crypto markets are dropping: Trade war, Iran fears and a bitcoin sell signal"
2026-02-08,"Bitcoin Drops Below $63,000 as Geopolitical Risks Mount"
2026-02-27,"Bitcoin recovers $67,000 as Iran ceasefire rumors swirl"
2026-02-14,"Crypto Today: Bitcoin, Ether stabilize after sharp selloff; Coinbase earnings beat"
2026-03-21,"Bitcoin's $70K support holds; what the charts say next"
2026-02-22,"Crypto Meltdown: Bitcoin Falls Below $65,000 as Trade War Fears Mount"
2026-03-10,"Bitcoin quietly rising again in a sharp market reversal. Why the Middle East crisis has investors turning to crypto"
2026-03-30,"Nearly half of all circulating bitcoin is underwater as long-term holders sell at a loss"
2026-02-02,"Michael Saylor's High-Stakes Bitcoin Bet Faces Fresh Strain"
2026-03-03,"Bitcoin market cap 2013-2025"
